,Stab attack,Slash attack,Crush attack,Magic attack,Ranged attack,Stab defence,Slash defence,Crush defence,Magic defence,Ranged defence,Melee strength,Ranged strength,Magic damage,Prayer,Special accuracy,Special damage 1,Special damage 2,Special defence roll,Spell max hit,Attack speed,Combat options,Mining level req
None,,,,,,,,,,,,,,,,,,,,4,3,
2h Korasi,0,100,60,,,,,,,,88,,,,,0.5,,Magic,,4,10,
3rd age longsword,60,72,-2,,,0,3,2,,,75,,,,,,,,,5,6,
Abyssal bludgeon,,,102,,,,,,,,85,,,,0,0.495,,Crush,,4,14,
Abyssal dagger,75,40,-4,,,,,,1,,75,,,,0.25,-0.15,,Slash,,4,4,
Abyssal tentacle,,90,,,,,,,,,86,,,,0.25,0,,Slash,,4,13,
Abyssal whip,,82,,,,,,,,,82,,,,0.25,0,,Slash,,4,13,
Ancient mace,10,-2,16,,,,,,,,14,,,3,,,,Crush,,5,7,
Arclight,10,38,-2,,,,3,2,2,,8,,,,,,,Stab,,4,6,
Armadyl godsword,,132,80,,,,,,,,132,,,8,1,0.1,0.25,Slash,,6,10,
Bandos godsword,,132,80,,,,,,,,132,,,8,1,0.1,0.1,Slash,,6,10,
Barrelchest anchor,-2,10,92,,,,,20,,,100,,,,1,0.1,,Crush,,6,7,
Black salamander,,59,,,69,,,,,,71,49,,,,,,,,5,18,
Blade of Saeldor,55,94,,,,,,,,,89,,,,,,,,,4,6,
Blisterwood flail,30,44,68,8,0,4,4,2,8,,46,,,5,,,,,,5,15,
Bone dagger,5,3,-4,1,,,,,1,,4,,,,,,,,,4,4,
Brine sabre,7,47,-2,,,,,,,,46,,,,,,,,,4,5,
Crystal halberd,85,110,,-4,,-1,4,5,,,118,,,,-0.25,0.1,,Slash,,7,11,
Crystal halberd (basic),68,68,4,0,0,0,0,0,0,0,42,0,0,1,,,,,,4,11,
Crystal halberd (attuned),114,114,12,0,0,0,0,0,0,0,88,0,0,2,,,,,,4,11,
Crystal halberd (perfected),166,166,28,0,0,0,0,0,0,0,138,0,0,3,,,,,,4,11,
Crystal sceptre,8,10,16,0,0,0,0,0,0,0,20,,,,,,,,,5,9,
Darklight,10,16,-2,,,,3,2,2,,13,,,,,,,Stab,,5,6,
Dharok's greataxe,,103,95,-4,,,,,,-1,105,,,,,,,,,7,8,
Dinh's Bulwark,0,0,124,0,0,106,109,109,-10,148,38,,,,0.2,,,Crush,,5,21,
Dragon 2h sword,-4,92,80,-4,,,,,,-1,93,,,,,,,Slash,,7,10,
Dragon battleaxe,-2,70,65,,,,,,,-1,85,,,,,,,Slash,,6,8,
Dragon claws,41,57,,,,13,26,7,,,56,,,,,,,Slash,,4,6,
Dragon dagger,40,25,-4,1,,,,,,,40,,,,0.15,0.15,,Slash,,4,4,
Dragon halberd,70,95,,-4,,-1,4,5,,,89,,,,-0.25,0.1,,Slash,,7,11,
Dragon hasta,55,55,55,0,0,-15,-15,-12,0,-15,60,,,,1,0.5,,Stab,,4,12,
Dragon hunter lance,85,65,65,0,0,0,0,0,0,0,70,,,,,,,,,4,12,
Dragon longsword,58,69,-2,,,,3,2,,,71,,,,,0.25,,Slash,,5,6,
Dragon mace,40,-2,60,,,,,,,,55,,,5,0.25,0.5,,Crush,,4,7,
Dragon scimitar,8,67,-2,,,,1,,,,66,,,,0.25,,,Slash,,4,6,
Dragon spear,55,55,55,,,5,5,5,5,5,60,,,,,,,,,5,12,
Dragon sword,65,55,-2,,,,2,1,,,63,,,,0.25,0.25,,Stab,,4,5,
Dragon warhammer,-4,-4,95,-4,0,,,,,,85,,,,,0.5,,Crush,,6,9,
Elder maul,,,135,,,,,,,,147,,,,,,,,,6,9,
Event rpg,,,,,,,,,,,,,,,,,,,,3,3,
Fixed device,,,,,,,,,,,,,,,,,,,,4,14,
Gadderhammer,-4,-4,35,,,,,,,,35,,,,,,,Crush,,5,9,
Ghrazi rapier,94,55,,,,0,0,0,0,0,89,,,,,,,,,4,5,
Inquisitor's mace,52,-4,95,,,,,,,,89,,,2,,,,,,4,7,
Granite hammer,0,0,57,-3,-1,,,,,,56,,,,0.5,,,Crush,,4,9,
Granite longsword,56,65,-2,,,,3,2,,,62,,,,,,,,,5,6,
Granite maul,,,81,,,,,,,,79,,,,,,,Crush,,7,9,
Guthan's warspear,75,75,75,,,7,7,7,,,75,,,,,,,,,5,12,
Ham joint,,,,,,,,,,,,,,,,,,,,3,9,
Hill giant club,-4,50,65,-4,,0,0,0,0,-1,70,,,,,,,,,7,9,
Ivandis flail,24,38,62,8,0,4,4,2,8,0,42,,,5,,,,,,5,15,
Keris,40,20,-10,2,,,,,2,,30,,,2,,,,,,4,4,
Keris partisan,58,58,57,2,0,,,,,,45,,,3,,,,,,4,22,
Keris partisan of breaching,58,58,57,2,0,,,,,,45,,,3,,,,,,4,22,
Keris partisan of the sun,58,58,57,2,0,,,,,,45,,,3,,,,,,4,22,
Keris partisan of corruption,58,58,57,2,0,,,,,,45,,,3,1,0.25,,,,4,22,
Leaf-bladed spear,47,42,36,,,1,1,,,,50,,,,,,,,,5,12,
Leaf-bladed sword,67,62,,,,,,,,,50,,,,,,,,,4,5,
Leaf-bladed battleaxe,-2,72,72,,,,,,,-1,92,,,,,,,,,5,8,
Maple blackjack,,,,,,,,,,,20,,,,,,,,,4,9,
Maple blackjack (o),,,24,,,,,,,,20,,,,,,,,,4,9,
Maple blackjack (d),,,,,,,,24,,,20,,,,,,,,,4,9,
Obsidian dagger,16,48,,,,,,,,,39,,,,,,,,,4,4,
Obsidian mace,-4,-4,62,,,,,,,,56,,,,,,,,,5,9,
Obsidian maul,,,80,-4,,,,,,,85,,,,,,,,,7,9,
Crystal pickaxe,38,-2,32,,,,1,,,,42,,,,,,,,,5,16,61
Adamant pickaxe,17,-2,15,,,,1,,,,19,,,,,,,,,5,16,31
Mithril pickaxe,12,-2,10,,,,1,,,,13,,,,,,,,,5,16,21
Black pickaxe,10,-2,8,,,,1,,,,11,,,,,,,,,5,16,11
Dragon pickaxe,38,-2,32,,,,1,,,,42,,,,,,,,,5,16,61
Steel pickaxe,8,-2,6,,,,1,,,,9,,,,,,,,,5,16,6
Iron pickaxe,5,-2,3,,,,1,,,,7,,,,,,,,,5,16,1
Bronze pickaxe,4,-2,2,,,,1,,,,5,,,,,,,,,5,16,1
Rune pickaxe,26,-2,24,,,,1,,,,29,,,,,,,,,5,16,41
Obsidian sword,47,38,-2,,,2,3,,,,49,,,,,,,,,4,5,
Osmumten's fang,105,75,,,,,,,,,103,,,,0.5,,,stab,,5,5,
Rune 2h sword,,69,50,-4,,,,,,-1,70,,,,,,,,,7,10,
Rune battleaxe,-2,48,43,,,,,,,-1,64,,,,,,,,,6,8,
Rune claws,26,38,-4,,,10,19,5,,,39,,,,0.15,0.15,,Slash,,4,6,
Rune dagger,25,12,-4,1,,,,,1,,24,,,,,,,,,4,4,
Rune halberd,48,67,0,-4,0,-1,4,5,,,68,,,,,,,,,7,11,
Rune hasta,36,36,36,,,-10,-10,-9,,-10,42,,,,,,,,,5,12,
Rune longsword,38,47,-2,,,,3,2,,,49,,,,,,,,,5,6,
Rune mace,20,-2,39,,,,,,,,36,,,4,,,,,,5,7,
Rune scimitar,7,45,-2,,,,1,,,,44,,,,,,,,,4,6,
Rune spear,36,36,36,,,1,1,,,,42,,,,,,,,,5,12,
Rune sword,38,26,-2,,,,2,1,,,39,,,,,,,,,4,5,
Rune warhammer,-4,-4,53,-4,,,,,,,48,,,,,,,,,6,9,
Sarachnis cudgel,30,,70,,,,,,,,70,,,,,,,,,4,9,
Saradomin's blessed sword,,100,60,,,,,,,,88,,,2,1,0.25,,Magic,,4,10,
Saradomin godsword,,132,80,,,,,,,,132,,,8,1,0.1,,Slash,,6,10,
Saradomin sword,,82,60,,,,,,,,82,,,2,1,0.1,,Magic,,4,10,
Scythe of Vitur (uncharged),50,75,10,-6,,-2,6,0,0,0,50,,,,,,,,,5,8,
Scythe of Vitur,70,110,30,-6,,-2,8,10,0,0,75,,,,,,,,,5,8,
Slayer's staff,7,-1,25,12,,2,3,1,10,,35,,,,,,,,,4,15,
Staff of light,55,70,,17,,,3,3,17,,72,,0.15,,,,,,,4,19,
Statius's warhammer,-4,-4,125,,,,,,,,114,,,,,0.25,,Crush,,5,9,
Swift blade,,,,,,,,,,,,,,,,,,,,3,5,
Enchanted slayer's staff,7,-1,25,12,,2,3,1,10,,35,,,,,,,,,4,15,
Red topaz machete,0,16,-2,,,,1,1,,1,10,,,,,,,,,4,6,
Staff of the dead,55,70,,17,,,3,3,17,,72,,0.15,,,,,,,4,19,
Torag's hammers,-4,-4,85,-4,,,,,,,72,,,,,,,,,5,9,
Wolfbane,11,5,-4,1,,,,,1,,10,,,5,,,,,,4,4,
Verac's flail,68,-2,82,,,,,,,,72,,,6,,,,,,5,7,
Voidwaker,70,80,-2,5,0,0,1,0,2,0,80,,,,,0.5,,Magic,,4,6,
Vesta's longsword,106,121,-2,,,1,4,3,,,118,,,,,0.2,,Stab,,5,6,
Viggora's chainmace,53,-2,67,,,,,,,,66,,,2,,,,,,4,7,
Ursine chainmace,53,-2,71,,,,,,,,74,,,2,1,,,Crush,,4,7,
Zamorakian spear,85,65,65,,,13,13,12,,13,75,,,2,,,,,,4,12,
Zamorakian hasta,85,65,65,,,13,13,12,,13,75,,,2,,,,,,4,12,
Zamorak godsword,,132,80,,,,,,,,132,,,8,1,0.1,,Slash,,6,10,
Adamant scimitar,6,29,-2,,,,1,,,,28,,,,,,,,,4,6,
Mithril scimitar,5,21,-2,,,,1,,,,20,,,,,,,,,4,6,
Black scimitar,4,19,-2,,,,1,,,,14,,,,,,,,,4,6,
White scimitar,4,19,-2,,,,1,,,,14,,,1,,,,,,4,6,
Steel scimitar,3,15,-2,,,,1,,,,14,,,,,,,,,4,6,
Iron scimitar,2,10,-2,,,,1,,,,9,,,,,,,,,4,6,
Bronze scimitar,1,7,-2,,,,1,,,,6,,,,,,,,,4,6,
3rd age bow,,,,,80,,,,,,,,,,,,,,,4,17,
Zaryte crossbow,,,,,110,14,14,12,15,16,,,,,1,,,ranged,,6,17,
Armadyl crossbow,,,,,100,,,,,,,,,1,1,,,ranged,,6,17,
Black chinchompa,,,,,80,,,,,,,30,,,,,,,,4,17,
Chinchompa,,,,,45,,,,,,,0,,,,,,,,4,17,
Crystal bow,,,,,100,,,,,,,78,,,,,,,,5,17,
Bow of Faerdhinen,0,0,0,0,128,,,,,,,106,,,,,,,,5,17,
Crystal bow (basic),,,,,72,,,,,,,42,,1,,,,,,5,17,
Crystal bow (attuned),,,,,118,,,,,,,88,,2,,,,,,5,17,
Crystal bow (perfected),,,,,172,,,,,,,138,,3,,,,,,5,17,
Craw's bow,,,,,75,,,,,,,60,,,,,,,,4,17,
Webweaver bow,,,,,85,,,,,,,65,,,1,-0.6,,ranged,,4,17,
Dark bow,,,,,95,,,,,,,,,,,0.5,,ranged,,9,17,
Dart,,,,,,,,,,,,,,,,,,,,3,17,
Dorgeshuun crossbow,,,,,42,,,,,,,,,,,,,,,5,17,
Dragon crossbow,,,,,94,,,,,,,,,,,0.2,,ranged,,6,17,
Dragon hunter crossbow,,,,,95,,,,,,,,,,,,,,,6,17,
Dragon thrownaxe,,,,,36,,,,,,,47,,,0.25,,,ranged,,5,17,
Rune crossbow,,,,,90,,,,,,,,,,,,,,,6,17,
Hunter's crossbow,,,,,55,,,,,,,,,,,,,,,4,17,
Adamant crossbow,,,,,78,,,,,,,,,,,,,,,6,17,
Mithril crossbow,,,,,66,,,,,,,,,,,,,,,6,17,
Steel crossbow,,,,,54,,,,,,,,,,,,,,,6,17,
Iron crossbow,,,,,42,,,,,,,,,,,,,,,6,17,
Bronze crossbow,,,,,18,,,,,,,,,,,,,,,6,17,
Bluerite crossbow,,,,,30,,,,,,,,,,,,,,,6,17,
Rune thrownaxe,,,,,26,,,,,,,36,,,,,,ranged,,5,17,
Heavy ballista,,,,,125,,,,,,,15,,,0.25,0.25,,ranged,,7,17,
Karil's crossbow,,,,,84,,,,,,,,,,,,,,,4,17,
Knife,,,,,,,,,,,,,,,,,,,,3,17,
Light ballista,,,,,110,,,,,,,,,,0.25,0.25,,ranged,,7,17,
Magic compositebow,,,,,71,,,,,,,,,,,,,ranged,,5,17,
Magic longbow,,,,,69,,,,,,,,,,,,,ranged,,6,17,
Magic shortbow,,,,,69,,,,,,,,,,,,,ranged,,4,17,
Magic shortbow (i),,,,,75,,,,,,,,,,,,,ranged,,4,17,
Yew shortbow,,,,,47,,,,,,,,,,,,,,,4,17,
Maple shortbow,,,,,29,,,,,,,,,,,,,,,4,17,
Willow shortbow,,,,,20,,,,,,,,,,,,,,,4,17,
Oak shortbow,,,,,14,,,,,,,,,,,,,,,4,17,
Shortbow,,,,,8,,,,,,,,,,,,,,,4,17,
Red chinchompa,,,,,70,,,,,,,15,,,,,,,,4,17,
Seercull,,,,,69,,,,,,,,,,,,,ranged,,5,17,
Toxic blowpipe,,,,,30,,,,,,,20,,,1,0.5,,ranged,,3,17,
Twisted bow,,,,,70,,,,,,,20,,4,,,,,,6,17,
Ahrim's staff,12,-1,62,15,,3,2,5,15,,68,,0.05,,,,,,,5,15,
Ancient staff,10,-1,40,15,,2,3,1,15,,50,,,-1,,,,,,5,15,
Black salamander,,59,,,69,,,,,,71,49,,,,,,,,5,18,
Crystal staff (basic),,,,84,,,,,,,,,,1,,,,,,4,20,
Crystal staff (attuned),,,,128,,,,,,,,,,2,,,,,,4,20,
Crystal staff (perfected),,,,184,,,,,,,,,,3,,,,,,4,20,
Dawnbringer,,,,25,,2,3,1,15,0,,,,,,,,,,4,20,
God staff,-1,-1,6,6,,2,3,1,6,,2,,,,,,,,,5,15,
Iban staff (u),10,-1,40,10,,2,3,1,10,,50,,,,,,,,,5,15,
Kodai wand,,,,28,,,3,3,20,,,,0.15,,,,,,,5,15,
Master wand,,,,20,,,,,20,,,,,,,,,,,5,15,
Eldritch nightmare staff,,,,16,,,,,14,,,,0.15,,0,,,magic,,5,15,
Harmonised nightmare staff,,,,16,,,,,14,,,,0.15,,,,,,,5,15,
Volatile nightmare staff,,,,16,,,,,14,,,,0.15,,0.5,,,magic,,5,15,
Nightmare staff,,,,16,,,,,14,,,,0.15,,,,,,,5,15,
Thammaron's sceptre,,,,20,,,,,20,,,,,,,,,,,4,15,
Thammaron's sceptre (new),,,,20,,,,,20,,,,,,,,,,,4,20,
Accursed sceptre,,,,22,,,,,20,,,,,,0.5,0.5,,magic,,4,20,
Tumeken's shadow,,,,35,,,,,20,,,,,,,,,,,5,20,
Tumeken's shadow (bugged),,,,35,,,,,20,,,,,,,,,,,5,20,
Sanguinesti staff,,,,25,-4,2,3,1,15,0,,,,,,,,,,4,20,
Trident of the seas,,,,15,,2,3,1,15,,,,,,,,,,,4,20,
Trident of the swamp,,,,25,,2,3,1,15,,,,,,,,,,,4,20,
Toxic staff of the dead,55,70,,25,,,3,3,17,,72,,0.15,,,,,,,4,19,
3rd age wand,,,,20,,,,,20,,,,,,,,,,,5,15,
Void knight mace,22,,41,8,,2,2,2,2,2,38,,,6,,,,,,5,15,
Mystic smoke staff,10,-1,40,10,,2,3,1,10,,50,,,,,,,,,5,15,
Smoke battlestaff,7,-1,28,10,,2,3,1,10,,35,,,,,,,,,5,15,
Mystic lava staff,10,-1,40,10,,2,3,1,10,,50,,,,,,,,,5,15,
Mystic mud staff,10,-1,40,10,,2,3,1,10,,50,,,,,,,,,5,15,
Mystic dust staff,10,-1,40,10,,2,3,1,10,,50,,,,,,,,,5,15,
Mystic mist staff,10,-1,40,10,,2,3,1,10,,50,,,,,,,,,5,15,
Mystic steam staff,10,-1,40,10,,2,3,1,10,,50,,,,,,,,,5,15,
Air battlestaff,7,-1,28,10,,2,3,1,10,,35,,,,,,,,,5,15,
Water battlestaff,7,-1,28,10,,2,3,1,10,,35,,,,,,,,,5,15,
Earth battlestaff,7,-1,28,10,,2,3,1,10,,35,,,,,,,,,5,15,
Fire battlestaff,7,-1,28,10,,2,3,1,10,,35,,,,,,,,,5,15,
None,,,,,,,,,,,,,,,,,,,,,,
Torva full helm,,,,-5,-5,59,60,62,-2,57,8,,,1,,,,,,,,
Neitiznot faceguard,,,,,,36,34,38,3,34,6,,,3,,,,,,,,
Inquisitor's great helm,-2,-2,8,0,-5,19,10,21,0,12,4,,,1,,,,,,,,
Dharok's helm,,,,-3,-1,45,48,44,-1,51,,,,,,,,,,,,
Dwarven helmet,,,6,-2,-2,27,28,31,5,24,,,,,,,,,,,,
Fighter hat,5,5,5,-7,-7,27,29,26,-3,28,,,,,,,,,,,,
Guthan's helm,,,,-6,-2,55,58,54,-1,62,,,,,,,,,,,,
Neitiznot,,,,,,31,29,34,3,30,3,,,3,,,,,,,,
Justiciar faceguard,,,,-6,-2,60,63,59,-6,67,,,,2,,,,,,,,
Dragon full helm,,,,-6,-2,45,48,41,-1,46,,,,,,,,,,,,
Dragon med helm,,,,-3,-1,33,35,32,-1,34,,,,,,,,,,,,
Masori mask,,,,-1,12,3,4,3,6,4,,2,,,,,,,,,,
Masori mask (f),,,,-1,12,8,10,12,12,9,,2,,1,,,,,,,,
Rune full helm,,,,-6,-2,30,32,27,-1,30,,,,,,,,,,,,
Serpentine,,,,-5,-5,52,55,58,0,50,5,,,,,,,,,,,
Slayer helmet (i),,,,3,3,30,32,27,10,30,,,,,,,,,,,,
Obsidian helm,,,,,,25,23,26,0,24,3,,,,,,,,,,,
Torag's helm,,,,-6,-2,55,58,54,-1,62,,,,,,,,,,,,
Verac's helm,,,,-6,-2,55,58,54,0,56,,,,3,,,,,,,,
Void knight helm,,,,,,6,6,6,6,6,,,,,,,,,,,,
3rd age helm,0,0,0,-5,-2,47,49,43,-3,48,,,,,,,,,,,,
Proselyte sallet,0,0,0,-6,-2,19,21,16,-1,19,,,,4,,,,,,,,
Warrior helm,,5,,-5,-5,31,33,29,0,30,,,,,,,,,,,,
Berserker helm,,,,-5,-5,31,29,33,0,30,3,,,,,,,,,,,
Armadyl helmet,-5,-5,-5,-5,10,6,6,10,10,8,,,,1,,,,,,,,
Robin hood hat,,,,-10,8,4,6,8,4,4,,,,,,,,,,,,
Karil's coif,,,,-3,7,6,9,12,6,10,,,,,,,,,,,,
God coif,,,,-1,7,4,7,10,4,8,,,,1,,,,,,,,
3rd age range coif,0,0,0,-2,9,4,7,10,5,8,,,,,,,,,,,,
Crystal helm,0,0,0,-10,9,12,8,14,10,18,,,,2,,,,,,,,
Archer helm,-5,-5,-5,-5,6,6,8,10,6,6,,,,,,,,,,,,
Snakeskin bandana,,,,-5,4,2,4,4,2,2,,,,,,,,,,,,
Spined helm,-6,-6,-6,-6,6,6,6,6,6,0,,,,,,,,,,,,
Coif,,,,-1,2,4,6,8,4,4,,,,,,,,,,,,
Cowl,,,,,1,2,3,4,2,3,,,,,,,,,,,,
Ranger hat,-5,-5,-5,-5,6,7,10,11,5,8,,,,,,,,,,,,
3rd age mage hat,,,,8,,,,,8,,,,,,,,,,,,,
Ancestral hat,,,,8,-2,12,11,13,5,0,,,0.02,,,,,,,,,
Ahrim's hood,,,,6,-2,15,13,16,6,,,,,,,,,,,,,
Elder chaos hood,,,,5,,,,,4,,,,,,,,,,,,,
Infinity hat,,,,6,,,,,6,,,,,,,,,,,,,
Healer hat,-5,-5,-5,6,-5,6,8,10,7,,,,,,,,,,,,,
Farseer helm,-5,-5,-5,6,-5,8,10,12,6,,,,,,,,,,,,,
Skeletal helm,,,,2,-2,10,9,11,3,,,,,,,,,,,,,
Guthix halo,,,,,,11,12,10,11,-3,,,,3,,,,,,,,
Saradmon halo,,,,,,11,12,10,11,-3,,,,3,,,,,,,,
Zamorak halo,,,,,,11,12,10,11,-3,,,,3,,,,,,,,
God mitre,,,,4,,,,,4,,,,,5,,,,,,,,
None,,,,,,,,,,,,,,,,,,,,,,
Infernal cape,4,4,4,1,1,12,12,12,12,12,8,,,2,,,,,,,,
Fire cape,1,1,1,1,1,11,11,11,11,11,4,,,2,,,,,,,,
Mythical cape,,,6,,,8,8,8,8,8,1,,,1,,,,,,,,
Ardougne 4,6,,,6,,6,,,6,,,,,6,,,,,,,,
Ardougne 3,5,,,5,,5,,,5,,,,,5,,,,,,,,
Ardougne 2,4,,,4,,4,,,4,,,,,4,,,,,,,,
Ardougne 1,2,,,2,,2,,,2,,,,,2,,,,,,,,
Vestment cloak,,,,1,,3,3,3,3,3,,,,3,,,,,,,,
Max cape,,,,,,9,9,9,9,9,,,,4,,,,,,,,
Skill cape (t),,,,,,9,9,9,9,9,,,,4,,,,,,,,
Obsidian cape,,,,,,9,9,9,9,9,,,,,,,,,,,,
3rd age cloak,,,,,,9,9,9,9,9,,,,5,,,,,,,,
Ava's attractor,,,,,2,,,,2,,,,,,,,,,,,,
Ava's accumulator,,,,,4,,1,,4,,,,,,,,,,,,,
Ava's assembler,,,,,8,1,1,1,8,2,,2,,,,,,,,,,
Mage arena cape,,,,10,,1,1,2,10,,,,,,,,,,,,,
God cape (i),,,,15,,3,3,3,15,,,,0.02,,,,,,,,,
Guthix cape,,,,10,,1,1,2,10,,,,,,,,,,,,,
Saradomin cape,,,,10,,1,1,2,10,,,,,,,,,,,,,
Zamorak cape,,,,10,,1,1,2,10,,,,,,,,,,,,,
Regular cape,,,,,,,1,1,,2,,,,,,,,,,,,
None,,,,,,,,,,,,,,,,,,,,,,
Amulet of fury,10,10,10,10,10,15,15,15,15,15,8,,,5,,,,,,,,
Amulet of torture,15,15,15,,,,,,,,10,,,2,,,,,,,,
Necklace of anguish,,,,,15,,,,,,,5,,2,,,,,,,,
Amulet of avarice,10,10,10,10,10,3,3,3,3,3,6,,,3,,,,,,,,
Amulet of strength,,,,,,,,,,,10,,,,,,,,,,,
Amulet of glory,10,10,10,10,10,3,3,3,3,3,6,,,3,,,,,,,,
Amulet of avarice,10,10,10,10,10,3,3,3,3,3,6,,,3,,,,,,,,
Amulet of power,6,6,6,6,6,6,6,6,6,6,6,,,1,,,,,,,,
Salve amulet (i),,,,,,3,3,3,,,,,,3,,,,,,,,
Salve amulet (ei),,,,,,3,3,3,,,,,,3,,,,,,,,
Berserker necklace,-10,-10,-10,,,-20,-20,-20,-20,-20,7,,,3,,,,,,,,
Amulet of the damned,10,10,10,10,10,3,3,3,3,3,6,,,3,,,,,,,,
Occult necklace,,,,12,,,,,,,,,0.1,2,,,,,,,,
Amulet of accuracy,4,4,4,4,4,,,,,,,,,,,,,,,,,
Dragonbone necklace,0,0,0,0,0,0,0,0,0,0,,,,12,,,,,,,,
Bonecrusher necklace,0,0,0,0,0,0,0,0,0,0,,,,12,,,,,,,,
3rd age amulet,,,,15,,,,,10,,,,,,,,,,,,,
None,,,,,,,,,,,,,,,,,,,,,,
Torva platebody,,,,-18,-14,117,111,117,-11,142,6,,,1,,,,,,,,
Inquisitor's hauberk,-3,-3,12,-11,-10,67,55,71,,35,4,,,2,,,,,,,,
Bandos chestplate,,,,-15,-10,98,93,105,-6,133,4,,,1,,,,,,,,
Fighter torso,,,,-40,,62,85,62,-10,67,4,,,,,,,,,,,
Void knight top,,,,,,45,45,45,45,45,,,,,,,,,,,,
Elite void top,,,,,,45,45,45,45,45,,,,3,,,,,,,,
Verac's brassard,,,,-6,-2,81,95,85,,85,,,,5,,,,,,,,
Dharok's platebody,,,,-30,-10,122,120,107,-6,132,,,,,,,,,,,,
Guthan's platebody,,,,-30,-10,122,120,107,-6,132,,,,,,,,,,,,
Torag's platebody,,,,-30,-10,122,120,107,-6,132,,,,,,,,,,,,
Obsidian platebody,,,,,,55,78,56,-15,60,3,,,,,,,,,,,
Proselyte hauberk,,,,-30,-10,65,63,55,-6,-63,,,,8,,,,,,,,
Justiciar chestguard,,,,-40,-20,132,130,117,-16,142,,,,4,,,,,,,,
Dragon chainbody,,,,-15,,81,93,98,-3,82,,,,,,,,,,,,
3rd age platebody,,,,-20,0,96,108,113,-4,97,,,,,,,,,,,,
Rune platebody,,,,-30,-10,82,80,72,-6,80,,,,,,,,,,,,
Dragon platebody,,,,-30,-10,109,107,97,-6,106,,,,,,,,,,,,
Masori body,,,,-4,43,37,35,38,25,33,,4,,,,,,,,,,
Masori body (f),,,,-4,43,59,52,64,74,60,,4,,1,,,,,,,,
Armadyl chestplate,-7,-7,-7,-15,33,56,48,61,70,57,,,,1,,,,,,,,
Crystal body,0,0,0,-18,31,46,38,48,44,68,,,,3,,,,,,,,
Karil's leathertop,,,,-15,30,47,52,50,65,57,,,,,,,,,,,,
God d'hide body,,,,-15,30,45,47,60,50,55,,,,1,,,,,,,,
Black d'hide body,,,,-15,30,45,47,60,50,55,,,,,,,,,,,,
Red d'hide body,,,,-15,25,50,42,55,40,50,,,,,,,,,,,,
Blue d'hide body,,,,-15,20,45,37,50,30,45,,,,,,,,,,,,
Green d'hide body,,,,-15,15,40,32,45,20,40,,,,,,,,,,,,
Studded body,,,,-4,8,18,25,22,8,25,,,,,,,,,,,,
Snakeskin body,,,,-5,12,25,28,32,15,35,,,,,,,,,,,,
Ranger's tunic,,,,-15,15,6,9,12,6,6,,,,,,,,,,,,
3rd age range top,,,,-15,30,55,47,60,60,55,,,,,,,,,,,,
Spined body,,,,-15,15,40,32,45,20,40,,,,,,,,,,,,
Frog-leather body,,,,-5,10,23,26,30,15,32,,,,,,,,,,,,
Hard leather body,,,,-4,8,12,15,18,6,15,,,,,,,,,,,,
Leather,,,,-2,2,8,9,10,4,9,,,,,,,,,,,,
Ancestral robe top,,,,35,-8,42,31,51,28,0,,,0.02,,,,,,,,,
Ahrim's robetop,,,,30,-10,52,37,63,30,0,,,,,,,,,,,,
3rd age robe top,,,,24,,,,,24,,,,,,,,,,,,,
Elder chaos top,,,,10,,,,,8,,,,,,,,,,,,,
Infinity top,,,,22,,,,,22,,,,,,,,,,,,,
Mystic robe top,,,,20,,,,,20,,,,,,,,,,,,,
Vestment robe top,,,,4,,,,,4,,,,,6,,,,,,,,
Skeletal top,,,,8,-10,35,25,42,15,,,,,,,,,,,,,
Monk's robe top,,,,,,,,,,,,,,6,,,,,,,,
None,,,,,,,,,,,,,,,,,,,,,,
Torva platelegs,,,,-24,-11,87,78,79,-9,102,4,,,1,,,,,,,,
Inquisitor's plateskirt,-3,-3,12,-9,-5,42,30,49,0,22,2,,,2,,,,,,,,
Bandos tassets,,,,-21,-7,71,63,66,-4,93,2,,,1,,,,,,,,
Void knight robe,,,,,,30,30,30,30,30,,,,,,,,,,,,
Elite void robe,,,,,,30,30,30,30,30,,,,3,,,,,,,,
Verac's plateskirt,,,,-21,-7,85,82,83,,84,,,,4,,,,,,,,
Dharok's platelegs,,,,-21,-7,82,82,83,-4,92,,,,,,,,,,,,
Guthan's chainskirt,,,,-14,-7,75,72,73,-4,82,,,,,,,,,,,,
Torag's platelegs,,,,-21,-7,82,82,83,-4,92,,,,,,,,,,,,
Obsidian platelegs,,,,,,46,43,41,-10,40,1,,,,,,,,,,,
Proselyte cuisse,,,,-21,-7,33,31,29,-4,31,,,,6,,,,,,,,
Justiciar legguard,,,,-31,-17,95,92,93,-14,102,,,,4,,,,,,,,
3rd age platelegs,,,,-25,-2,78,76,83,-5,75,,,,,,,,,,,,
Dragon platelegs,,,,-21,-7,68,66,63,-4,65,,,,,,,,,,,,
Rune platelegs,,,,-21,-7,51,49,47,-4,49,,,,,,,,,,,,
Masori chaps,,,,-2,27,26,24,29,19,22,,2,,,,,,,,,,
Masori chaps (f),,,,-2,27,35,30,39,46,37,,2,,1,,,,,,,,
Armadyl chainskirt,-6,-6,-6,-10,20,32,26,34,40,33,,,,1,,,,,,,,
Crystal legs,,,,-12,18,26,21,30,34,38,,,,2,,,,,,,,
Karil's leatherskirt,,,,-10,17,26,20,28,35,33,,,,,,,,,,,,
God d'hide chaps,,,,-10,17,31,25,33,28,31,,,,1,,,,,,,,
3rd age range legs,,,,-10,17,31,25,33,30,31,,,,,,,,,,,,
Black d'hide chaps,,,,-10,17,31,25,33,28,31,,,,,,,,,,,,
Red d'hide chaps,,,,-10,14,28,22,30,20,28,,,,,,,,,,,,
Blue d'hide chaps,,,,-10,11,25,19,27,14,25,,,,,,,,,,,,
Green d'hide chaps,,,,-10,8,22,16,24,8,22,,,,,,,,,,,,
Studded chaps,,,,-5,6,15,16,17,6,16,,,,,,,,,,,,
Snakeskin chaps,,,,-5,6,8,8,10,4,10,,,,,,,,,,,,
Spined chaps,,,,-10,8,22,16,24,8,22,,,,,,,,,,,,
Frog-leather chaps,,,,-5,2,7,7,9,4,9,,,,,,,,,,,,
Penance skirt,,,,-10,15,26,21,28,19,26,,,,,,,,,,,,
Leather chaps,,,,,4,2,2,1,,,,,,,,,,,,,,
Ancestral robe bottoms,,,,26,-7,27,24,30,28,0,,,0.02,,,,,,,,,
Ahrim's robeskirt,,,,22,-7,33,30,36,22,,,,,,,,,,,,,
3rd age robe,,,,19,,,,,19,,,,,,,,,,,,,
Elder chaos robe,,,,6,,,,,6,,,,,,,,,,,,,
Infinity bottoms,,,,17,,,,,17,,,,,,,,,,,,,
Mystic robe bottom,,,,15,,,,,15,,,,,,,,,,,,,
Vestment robe legs,,,,4,,,,,4,,,,,5,,,,,,,,
Skeletal bottoms,,,,6,-7,22,20,24,10,,,,,,,,,,,,,
Monk's robe bottom,,,,,,,,,,,,,,5,,,,,,,,
None,,,,,,,,,,,,,,,,,,,,,,
Avernic defender,30,29,28,-5,-4,30,29,28,-5,-4,8,,,,,,,,,,,
Dragonfire shield,,,,-10,-5,70,75,72,10,72,7,,,,,,,,,,,
Dragon defender,25,24,23,-3,-2,25,24,23,-3,-2,6,,,,,,,,,,,
Crystal shield,,,,-10,-10,51,54,53,0,80,,,,,,,,,,,,
Dragon sq hield,,,,-6,-2,50,52,48,,50,,,,,,,,,,,,
3rd age kiteshield,,,,-10,-4,63,65,61,-3,63,,,,,,,,,,,,
Rune kiteshield,,,,-8,-2,44,48,46,-1,46,,,,,,,,,,,,
Dragon kiteshield,,,,-8,-2,56,60,58,-1,58,,,,,,,,,,,,
Rune defender,20,19,18,-3,-2,20,19,18,-3,-2,5,,,,,,,,,,,
Obsidian shield,,,,-12,-8,40,42,38,0,65,5,,,,,,,,,,,
Unholy book,8,8,8,8,8,,,,,,,,,5,,,,,,,,
Book of balance,4,4,4,4,4,4,4,4,4,4,,,,5,,,,,,,,
Falador shield 1,,,,-8,-2,8,10,9,-1,9,,,,1,,,,,,,,
Falador shield 2,,,,-8,-2,13,15,14,-1,14,,,,3,,,,,,,,
Falador shield 3,,,,-8,-2,18,22,20,-1,20,,,,4,,,,,,,,
Falador shield 4,,,,-8,-2,27,31,29,-1,29,,,,5,,,,,,,,
Elysian spirit shield,,,,,,63,65,75,2,57,,,,3,,,,,,,,
Arcane spirit shield,,,,20,,53,55,73,2,52,,,,3,,,,,,,,
Elidinis' ward,,,,5,,5,3,9,0,6,,,0.03,1,,,,,,,,
Elidinis' ward (f),,,,25,,53,55,73,2,52,,,0.05,4,,,,,,,,
Spectral spirit shield,,,,,,53,55,73,30,52,,,,3,,,,,,,,
Mind shield,,,,,,,,,9,,,,,,,,,,,,,
Ancient Wyvern shield,-10,-10,-10,15,-10,72,80,75,15,-5,-2,,,,,,,,,,,
Anti-dragon shield,,,,,,7,8,9,2,8,,,,,,,,,,,,
Twisted buckler,-7,-8,-7,-10,18,22,24,22,26,58,,10,,,,,,,,,,
Dragonfire ward,-10,-10,-10,-10,15,15,20,18,22,68,-2,8,,,,,,,,,,
Odium ward,-12,-12,-12,-8,12,,,,24,52,,4,,,,,,,,,,
Hard leather shield,-15,-15,-11,-10,2,8,7,7,5,9,,,,,,,,,,,,
Snakeskin shield,-15,-15,-11,-10,3,10,9,8,7,10,,,,,,,,,,,,
Green d'hide shield,-15,-15,-11,-10,4,14,12,11,9,11,,,,,,,,,,,,
Blue d'hide shield,-15,-15,-11,-10,5,16,14,12,12,12,,,,,,,,,,,,
Red d'hide shield,-15,-15,-11,-10,6,18,16,14,13,13,,,,,,,,,,,,
Black d'hide shield,-15,-15,-11,-10,7,21,18,16,15,14,,,,,,,,,,,,
Mage's book,,,,15,,,,,15,,,,,,,,,,,,,
Malediction ward,-8,-8,-8,12,-12,50,52,48,15,,,,,,,,,,,,,
Tome of fire,,,,8,,,,,8,,,,,,,,,,,,,
Tome of water,,,,8,,,,,8,,,,,,,,,,,,,
Book of the dead,,,,6,,,,,,,,,,3,,,,,,,,
Book of law,,,,,10,,,,,,,,,5,,,,,,,,
Book of war,,,,,,,,,,,2,,,5,,,,,,,,
Book of darkness,,,,10,,,,,,,,,,5,,,,,,,,
None,,,,,,,,,,,,,,,,,,,,,,
Ferocious gloves,16,16,16,-16,-16,0,0,0,0,0,14,,,,,,,,,,,
Zaryte vambraces,-8,-8,-8,,18,8,8,8,5,8,,2,,1,,,,,,,,
Barrows gloves,12,12,12,6,12,12,12,12,6,12,12,,,,,,,,,,,
Void knight gloves,,,,,,6,6,6,4,6,,,,,,,,,,,,
Tormented bracelet,,,,10,,,,,,,,,0.05,2,,,,,,,,
Dragon gloves,9,9,9,5,9,9,9,9,5,9,9,,,,,,,,,,,
Rune gloves,8,8,8,4,8,8,8,8,4,8,8,,,,,,,,,,,
Adamant gloves,7,7,7,4,7,7,7,7,4,7,7,,,,,,,,,,,
Mithril gloves,6,6,6,3,6,6,6,6,3,6,6,,,,,,,,,,,
Black gloves,5,5,5,3,5,5,5,5,3,5,5,,,,,,,,,,,
Steel gloves,4,4,4,2,4,4,4,4,2,4,4,,,,,,,,,,,
Iron gloves,3,3,3,2,3,3,3,3,2,3,3,,,,,,,,,,,
Bronze gloves,2,2,2,1,2,2,2,2,1,2,2,,,,,,,,,,,
Hardleather gloves,1,1,1,1,1,1,1,1,1,1,1,,,,,,,,,,,
Regen bracelet,8,8,8,3,7,6,6,6,3,6,7,,,,,,,,,,,
Combat bracelet,7,7,7,3,7,5,5,5,3,5,6,,,,,,,,,,,
Granite gloves,5,5,9,-3,-1,8,8,8,-3,5,7,,,,,,,,,,,
Chaos gauntlets,2,2,2,,,8,9,7,,,2,,,,,,,,,,,
Black d'hide vamb.,,,,-10,11,6,5,7,8,,,,,,,,,,,,,
Red d'hide vamb.,,,,-10,10,5,4,6,6,,,,,,,,,,,,,
Blue d'hide vamb.,,,,-10,9,4,3,5,4,,,,,,,,,,,,,
Green d'hide vamb.,,,,-10,8,3,2,4,2,,,,,,,,,,,,,
Snakeskin vamb.,,,,-5,6,2,2,2,1,,,,,,,,,,,,,
Spined gloves,,,,,,,1,2,,,,,,,,,,,,,,
God bracers,,,,-10,11,6,5,7,8,,,,,1,,,,,,,,
Ranger gloves,,,,-10,11,1,2,1,2,,,,,,,,,,,,,
Leather gloves,,,,,,,1,2,,,,,,,,,,,,,,
3rd age vambraces,,,,-10,11,6,5,7,9,,,,,,,,,,,,,
Skeletal gloves,,,,,,,1,2,,,,,,,,,,,,,,
Leather vambraces,,,,,4,2,2,1,,,,,,,,,,,,,,
None,,,,,,,,,,,,,,,,,,,,,,
Primordial boots,2,2,2,-4,-1,22,22,22,,,5,,,,,,,,,,,
Dragon boots,,,,-3,-1,16,17,18,,,4,,,,,,,,,,,
Rune boots,,,,-3,-1,12,13,14,,,2,,,,,,,,,,,
Adamant boots,,,,-3,-1,10,11,12,,,1,,,,,,,,,,,
Climbing boots,,,,,,,2,2,,,2,,,,,,,,,,,
Bandos boots,,,,-5,-3,17,18,19,,15,,,,1,,,,,,,,
Granite boots,,,,-3,-1,12,13,14,0,8,3,,,,,,,,,,,
Guardian boots,,,,-3,-1,32,32,32,-3,24,3,,,2,,,,,,,,
Boots of stone,,,,,,1,1,1,,,,,,,,,,,,,,
Boots of brimstone,3,0,0,3,5,10,10,10,5,5,,,,,,,,,,,,
White boots,,,,-3,-1,7,8,9,,,,,,1,,,,,,,,
Holy sandals,,,,,,,,,,,,,,3,,,,,,,,
Devout boots,0,0,0,0,0,0,0,0,0,0,,,,5,,,,,,,,
Pegasian boots,,,,-12,12,5,5,5,5,,,,,,,,,,,,,
Ranger boots,,,,-10,8,2,3,4,2,,,,,,,,,,,,,
Blessed d'hide boots,,,,-10,7,4,4,4,4,4,,,,1,,,,,,,,
Snakeskin boots,,,,-10,3,1,1,2,1,,,,,,,,,,,,,
Spined boots,,,,,,,1,1,,,,,,,,,,,,,,
Frog-leather boots,,,,-8,2,1,1,1,,1,,,,,,,,,,,,
Runner boots,,,,1,1,8,8,8,,,,,,,,,,,,,,
Eternal boots,,,,8,,5,5,5,8,5,,,,,,,,,,,,
Infinity boots,,,,5,,,,,5,,,,,,,,,,,,,
Wizard boots,,,,4,,,,,4,,,,,,,,,,,,,
Mystic boots,,,,3,,,,,3,,,,,,,,,,,,,
Skeletal boots,,,,,,,1,1,,,,,,,,,,,,,,
Fighting boots,,,,,,1,,3,,,,,,,,,,,,,,
Fancy boots,,,,,,1,2,3,,,,,,,,,,,,,,
None,,,,,,,,,,,,,,,,,,,,,,
Berserker (i),,,,,,,,8,,,8,,,,,,,,,,,
Berserker,,,,,,,,4,,,4,,,,,,,,,,,
Warrior (i),,8,,,,,8,,,,,,,,,,,,,,,
Warrior,,4,,,,,4,,,,,,,,,,,,,,,
Treasonous (i),8,,,,,8,,,,,,,,,,,,,,,,
Treasonous,4,,,,,4,,,,,,,,,,,,,,,,
Tyrannical (i),,,8,,,,,8,,,,,,,,,,,,,,
Tyrannical,,,4,,,,,4,,,,,,,,,,,,,,
Ring of the gods,,,,,,1,1,1,1,1,,,,4,,,,,,,,
Ring of the gods (i),,,,,,1,1,1,1,1,,,,8,,,,,,,,
Ring of suffering,,,,,,10,10,10,10,10,,,,2,,,,,,,,
Ring of suffering (i),,,,,,20,20,20,20,20,,,,4,,,,,,,,
Archer (i),,,,,8,,,,,8,,,,,,,,,,,,
Archer,,,,,4,,,,,4,,,,,,,,,,,,
Seers (i),,,,12,,,,,12,,,,,,,,,,,,,
Seers,,,,6,,,,,6,,,,,,,,,,,,,
Granite ring,,,,,,2,2,2,-2,8,,,,,,,,,,,,
Granite ring (i),,,,,,4,4,4,-2,16,,,,,,,,,,,,
Beacon ring,,,,2,,,,,1,,,,,,,,,,,,,
Brimstone ring,4,4,4,6,4,4,4,4,6,4,4,,,,,,,,,,,
Efaritay's aid,,,,,,,,,,,,,,,,,,,,,,
Explorer's ring,,,,,,,,,,,,,,1,,,,,,,,
Blessing,,,,,,,,,,,,,,1,,,,,,,,
Rada's blessing 4,,,,,,,,,,,,,,2,,,,,,,,
Bronze dart,,,,,,,,,,,,1,,,,,,,,7,,
Iron dart,,,,,,,,,,,,2,,,,,,,,7,,
Steel dart,,,,,,,,,,,,3,,,,,,,,7,,
Black dart,,,,,,,,,,,,6,,,,,,,,7,,
Mithril dart,,,,,,,,,,,,9,,,,,,,,7,,
Adamant dart,,,,,,,,,,,,17,,,,,,,,7,,
Rune dart,,,,,,,,,,,,26,,,,,,,,7,,
Amethyst dart,,,,,,,,,,,,28,,,,,,,,,,
Dragon dart,,,,,,,,,,,,35,,,,,,,,7,,
Bronze knife,,,,,4,,,,,,,3,,,,,,,,7,,
Iron knife,,,,,5,,,,,,,4,,,,,,,,7,,
Steel knife,,,,,8,,,,,,,7,,,,,,,,7,,
Black knife,,,,,10,,,,,,,8,,,,,,,,7,,
Mithril knife,,,,,11,,,,,,,10,,,,,,,,7,,
Adamant knife,,,,,15,,,,,,,14,,,,,,,,7,,
Rune knife,,,,,25,,,,,,,24,,,,,,,,7,,
Dragon knife,,,,,28,,,,,,,30,,,,,,,,7,,
Bronze arrow,,,,,,,,,,,,7,,,,,,,,,,
Iron arrow,,,,,,,,,,,,10,,,,,,,,,,
Steel arrow,,,,,,,,,,,,16,,,,,,,,,,
Mithril arrow,,,,,,,,,,,,22,,,,,,,,,,
Adamant arrow,,,,,,,,,,,,31,,,,,,,,,,
Rune arrow,,,,,,,,,,,,49,,,,,,,,,,
Amethyst arrow,,,,,,,,,,,,55,,,,,,,,,,
Dragon arrow,,,,,,,,,,,,60,,,,,,,,,,
Bronze javelin,,,,,,,,,,,,25,,,,,,,,,,
Iron javelin,,,,,,,,,,,,42,,,,,,,,,,
Steel javelin,,,,,,,,,,,,64,,,,,,,,,,
Mithril javelin,,,,,,,,,,,,85,,,,,,,,,,
Adamant javelin,,,,,,,,,,,,107,,,,,,,,,,
Rune javelin,,,,,,,,,,,,124,,,,,,,,,,
Amethyst javelin,,,,,,,,,,,,135,,,,,,,,,,
Dragon javelin,,,,,,,,,,,,150,,,,,,,,,,
Bolt rack,,,,,,,,,,,,55,,,,,,,,,,
Broad bolts,,,,,,,,,,,,100,,,,,,,,,,
Opal bolts (e),,,,,,,,,,,,14,,,,0.25,,,,,,
Opal dragon bolts (e),,,,,,,,,,,,122,,,,,,,,,,
Jade bolts,,,,,,,,,,,,30,,,,,,,,,,
Jade dragon bolts,,,,,,,,,,,,122,,,,,,,,,,
Pearl bolts (e),,,,,,,,,,,,48,,,,,,,,,,
Pearl dragon bolts (e),,,,,,,,,,,,122,,,,,,,,,,
Topaz bolts,,,,,,,,,,,,66,,,,,,,,,,
Topaz dragon bolts,,,,,,,,,,,,122,,,,,,,,,,
Sapphire bolts,,,,,,,,,,,,83,,,,,,,,,,
Sapphire dragon bolts,,,,,,,,,,,,122,,,,,,,,,,
Emerald bolts (e),,,,,,,,,,,,85,,,,,,,,,,
Emerald dragon bolts (e),,,,,,,,,,,,122,,,,,,,,,,
Ruby bolts (e),,,,,,,,,,,,103,,,,,,,,,,
Ruby dragon bolts (e),,,,,,,,,,,,122,,,,,,,,,,
Diamond bolts (e),,,,,,,,,,,,105,,,,0.15,,,,,,
Diamond dragon bolts (e),,,,,,,,,,,,122,,,,,,,,,,
Dragonstone bolts (e),,,,,,,,,,,,117,,,,,,,,,,
Dragonstone dragon bolts (e),,,,,,,,,,,,122,,,,,,,,,,
Onyx bolts (e),,,,,,,,,,,,120,,,,0.2,,,,,,
Onyx dragon bolts (e),,,,,,,,,,,,122,,,,,,,,,,
Bone bolts,,,,,,,,,,,,49,,,,,,,,,,
Dragon bolts,,,,,,,,,,,,122,,,,,,,,,,
Amethyst bolts,,,,,,,,,,,,115,,,,,,,,,,
Rune bolts,,,,,,,,,,,,115,,,,,,,,,,
Adamant bolts,,,,,,,,,,,,100,,,,,,,,,,
Mithril bolts,,,,,,,,,,,,82,,,,,,,,,,
Steel bolts,,,,,,,,,,,,64,,,,,,,,,,
Iron bolts,,,,,,,,,,,,46,,,,,,,,,,
Bronze bolts,,,,,,,,,,,,10,,,,,,,,,,
Silver bolts,,,,,,,,,,,,36,,,,,,,,,,
Blurite bolts,,,,,,,,,,,,28,,,,,,,,,,
Wind strike,,,,,,,,,,,,,,,,,,,2,,,
Wind bolt,,,,,,,,,,,,,,,,,,,9,,,
Wind blast,,,,,,,,,,,,,,,,,,,13,,,
Wind wave,,,,,,,,,,,,,,,,,,,17,,,
Wind surge,,,,,,,,,,,,,,,,,,,21,,,
Water strike,,,,,,,,,,,,,,,,,,,4,,,
Water bolt,,,,,,,,,,,,,,,,,,,10,,,
Water blast,,,,,,,,,,,,,,,,,,,14,,,
Water wave,,,,,,,,,,,,,,,,,,,18,,,
Water surge,,,,,,,,,,,,,,,,,,,22,,,
Confuse,,,,,,,,,,,,,,,,,,,0,,,
Weaken,,,,,,,,,,,,,,,,,,,0,,,
Curse,,,,,,,,,,,,,,,,,,,0,,,
Vulnerability,,,,,,,,,,,,,,,,,,,0,,,
Enfeeble,,,,,,,,,,,,,,,,,,,0,,,
Stun,,,,,,,,,,,,,,,,,,,0,,,
Bind,,,,,,,,,,,,,,,,,,,0,,,
Snare,,,,,,,,,,,,,,,,,,,2,,,
Entangle,,,,,,,,,,,,,,,,,,,5,,,
Tele Block,,,,,,,,,,,,,,,,,,,0,,,
Earth strike,,,,,,,,,,,,,,,,,,,6,,,
Earth bolt,,,,,,,,,,,,,,,,,,,11,,,
Earth blast,,,,,,,,,,,,,,,,,,,15,,,
Earth wave,,,,,,,,,,,,,,,,,,,19,,,
Earth surge,,,,,,,,,,,,,,,,,,,23,,,
Fire strike,,,,,,,,,,,,,,,,,,,8,,,
Fire bolt,,,,,,,,,,,,,,,,,,,12,,,
Fire blast,,,,,,,,,,,,,,,,,,,16,,,
Fire wave,,,,,,,,,,,,,,,,,,,20,,,
Fire surge,,,,,,,,,,,,,,,,,,,24,,,
Smoke rush,,,,,,,,,,,,,,,,,,,14,,,
Smoke burst,,,,,,,,,,,,,,,,,,,18,,,
Smoke blitz,,,,,,,,,,,,,,,,,,,23,,,
Smoke barrage,,,,,,,,,,,,,,,,,,,27,,,
Shadow rush,,,,,,,,,,,,,,,,,,,15,,,
Shadow burst,,,,,,,,,,,,,,,,,,,19,,,
Shadow blitz,,,,,,,,,,,,,,,,,,,24,,,
Shadow barrage,,,,,,,,,,,,,,,,,,,28,,,
Blood rush,,,,,,,,,,,,,,,,,,,16,,,
Blood burst,,,,,,,,,,,,,,,,,,,21,,,
Blood blitz,,,,,,,,,,,,,,,,,,,25,,,
Blood barrage,,,,,,,,,,,,,,,,,,,29,,,
Ice rush,,,,,,,,,,,,,,,,,,,17,,,
Ice burst,,,,,,,,,,,,,,,,,,,22,,,
Ice blitz,,,,,,,,,,,,,,,,,,,26,,,
Ice barrage,,,,,,,,,,,,,,,,,,,30,,,
Claws of Guthix,,,,,,,,,,,,,,,,,,,30,,,
Saradomin Strike,,,,,,,,,,,,,,,,,,,30,,,
Flames of Zamorak,,,,,,,,,,,,,,,,,,,30,,,
Magic dart,,,,,,,,,,,,,,,,,,,mdart,,,
Iban Blast,,,,,,,,,,,,,,,,,,,25,,,
Crumble Undead,,,,,,,,,,,,,,,,,,,15,,,
Inferior Demonbane,,,,,,,,,,,,,,,,,,,20,,,
Superior Demonbane,,,,,,,,,,,,,,,,,,,28,,,
Dark Demonbane,,,,,,,,,,,,,,,,,,,37,,,
Ghostly Grasp,,,,,,,,,,,,,,,,,,,12,,,
Skeletal Grasp,,,,,,,,,,,,,,,,,,,17,,,
Undead Grasp,,,,,,,,,,,,,,,,,,,24,,,
Vampyrium vambraces,,,,-10,14,8,7,9,12,0,,2,,,,,,,,,,
Chaotic rapier,94,78,-2,,,,2,1,,,101,,,,,,,,,6,5,
Chaotic longsword,107,124,-2,,,,3,2,,,120,,,,,,,,,5,6,
Chaotic maul,-4,-4,167,,,,,,,,155,,,,,,,,,4,9,
